id,name,model_id:id,group_id:id,perm_read,perm_write,perm_create,perm_unlink
access_my_service_detail_user,my.service.detail,model_my_service_detail,group_open_service,1,0,0,0
access_my_service_type_user,my.service.type,model_my_service_type,group_open_service,1,0,0,0
access_my_service_user,my.service,model_my_service,group_open_service,1,0,0,0
access_my_service_detail_manager,my.service.detail,model_my_service_detail,group_create_edit_service,1,1,1
access_my_service_type_manager,my.service.type,model_my_service_type,group_create_edit_service,1,1,1,1
access_my_service_manager,my.service,model_my_service,group_create_edit_service,1,1,1,1