<?xml version="1.0" encoding="utf-8"?>
<odoo>
    <data>
        <!-- buat group category untuk mengelompokkan hak akses -->
        <record model="ir.module.category" id="category_group_service_module">
            <field name="name">Service</field>
            <field name="description">Helps you manage your service.</field>
            <field name="sequence">100</field>
        </record>

        <record id="group_open_service" model="res.groups">
            <field name="name">Open Service Form</field>
            <field name="category_id" ref="category_group_service_module"/>
        </record> 

        <record id="group_create_edit_service" model="res.groups">
            <field name="name">Create and Edit Service Form</field>
            <field name="category_id" ref="category_group_service_module"/>
            <field name="implied_ids" eval="[(4, ref('group_open_service'))]"/>
        </record>  

        <record id="group_button_service" model="res.groups">
            <field name="name">Access Button on Service Form</field>
            <field name="category_id" ref="category_group_service_module"/>
        </record>       

    </data>
</odoo>